{
    "rmse": 0.7006702120128632,
    "mae": 0.5612445371187482,
    "r2": 0.28222706092744543
}